{
  "version": 1,
  "author": "Anonymous maker",
  "editor": "wokwi",
  "parts": [
    { "type": "wokwi-breadboard", "id": "bb1", "top": -118.2, "left": -198.8, "attrs": {} },
    { "type": "wokwi-arduino-uno", "id": "uno", "top": 87, "left": -96.6, "attrs": {} },
    { "type": "wokwi-led", "id": "led1", "top": -42, "left": -15.4, "attrs": { "color": "red" } },
    {
      "type": "wokwi-resistor",
      "id": "r1",
      "top": 13.55,
      "left": 9.6,
      "attrs": { "value": "1000" }
    },
    { "type": "wokwi-led", "id": "led2", "top": -42, "left": 71, "attrs": { "color": "yellow" } },
    {
      "type": "wokwi-led",
      "id": "led3",
      "top": -42,
      "left": 157.4,
      "attrs": { "color": "green" }
    },
    {
      "type": "wokwi-resistor",
      "id": "r2",
      "top": 13.55,
      "left": 96,
      "attrs": { "value": "1000" }
    },
    {
      "type": "wokwi-resistor",
      "id": "r3",
      "top": 13.55,
      "left": 182.4,
      "attrs": { "value": "1000" }
    }
  ],
  "connections": [
    [ "uno:GND.2", "bb1:bn.1", "black", [ "v-182.5", "h-226.5" ] ],
    [ "bb1:bn.15", "bb1:19b.j", "green", [ "v0" ] ],
    [ "uno:5V", "bb1:bp.2", "red", [ "v-192.1", "h-207.4" ] ],
    [ "uno:9", "r1:2", "green", [ "v0" ] ],
    [ "r1:1", "bb1:20b.h", "", [ "$bb" ] ],
    [ "r1:2", "bb1:26b.h", "", [ "$bb" ] ],
    [ "led1:A", "bb1:20b.f", "", [ "$bb" ] ],
    [ "led1:C", "bb1:19b.f", "", [ "$bb" ] ],
    [ "led2:A", "bb1:29b.f", "", [ "$bb" ] ],
    [ "led2:C", "bb1:28b.f", "", [ "$bb" ] ],
    [ "led3:A", "bb1:38b.f", "", [ "$bb" ] ],
    [ "led3:C", "bb1:37b.f", "", [ "$bb" ] ],
    [ "r2:1", "bb1:29b.h", "", [ "$bb" ] ],
    [ "r2:2", "bb1:35b.h", "", [ "$bb" ] ],
    [ "r3:1", "bb1:38b.h", "", [ "$bb" ] ],
    [ "r3:2", "bb1:44b.h", "", [ "$bb" ] ],
    [ "uno:8", "r2:2", "green", [ "v-38.4", "h77.2" ] ],
    [ "uno:7", "r3:2", "green", [ "v-48", "h147.6" ] ],
    [ "bb1:bn.22", "bb1:28b.j", "green", [ "v0" ] ],
    [ "bb1:bn.31", "bb1:37b.j", "green", [ "v-20.5", "h-20" ] ]
  ],
  "dependencies": {}
}