{
  "version": 1,
  "author": "Anonymous maker",
  "editor": "wokwi",
  "parts": [
    { "type": "wokwi-breadboard", "id": "bb1", "top": -108.6, "left": -45.2, "attrs": {} },
    { "type": "wokwi-arduino-uno", "id": "uno", "top": 115.8, "left": -0.6, "attrs": {} },
    { "type": "wokwi-led", "id": "led1", "top": -32.4, "left": 80.6, "attrs": { "color": "red" } },
    {
      "type": "wokwi-pushbutton",
      "id": "btn1",
      "top": 159.8,
      "left": -86.4,
      "attrs": { "color": "green", "xray": "1" }
    },
    {
      "type": "wokwi-resistor",
      "id": "r1",
      "top": 23.15,
      "left": 105.6,
      "attrs": { "value": "1000" }
    },
    {
      "type": "wokwi-resistor",
      "id": "r2",
      "top": 119.15,
      "left": -86.4,
      "attrs": { "value": "1000" }
    }
  ],
  "connections": [
    [ "led1:A", "bb1:14b.f", "", [ "$bb" ] ],
    [ "led1:C", "bb1:13b.f", "", [ "$bb" ] ],
    [ "r1:1", "bb1:14b.h", "", [ "$bb" ] ],
    [ "r1:2", "bb1:20b.h", "", [ "$bb" ] ],
    [ "uno:GND.2", "bb1:bn.1", "black", [ "v-201.7", "h-168.9" ] ],
    [ "uno:5V", "bb1:bp.2", "red", [ "v-192.1", "h-73" ] ],
    [ "bb1:bn.10", "bb1:13b.j", "green", [ "v0" ] ],
    [ "uno:3", "bb1:20b.j", "green", [ "v-57.6", "h-63.2" ] ],
    [ "bb1:bp.3", "r2:2", "green", [ "v0" ] ],
    [ "btn1:1.l", "r2:1", "green", [ "h0" ] ],
    [ "uno:2", "btn1:2.r", "green", [ "v0" ] ]
  ],
  "dependencies": {}
}